time_utc,global_step,epoch,key,value
2026-10-04T09:44:53+00:00,20,0.13333333333333333,loss,2.1776
2026-10-04T09:44:53+00:00,20,0.13333333333333333,grad_norm,2.5130813121795654
2026-10-04T09:44:53+00:00,20,0.13333333333333333,learning_rate,9.999999999999999e-06
2026-10-04T09:44:53+00:00,20,0.13333333333333333,epoch,0.13333333333333333
2026-10-04T09:44:54+00:00,40,0.26666666666666666,loss,2.1486
2026-10-04T09:44:54+00:00,40,0.26666666666666666,grad_norm,2.4298593997955322
2026-10-04T09:44:54+00:00,40,0.26666666666666666,learning_rate,1.9999999999999998e-05
2026-10-04T09:44:54+00:00,40,0.26666666666666666,epoch,0.26666666666666666
2026-10-04T09:44:55+00:00,60,0.4,loss,1.7898
2026-10-04T09:44:55+00:00,60,0.4,grad_norm,6.4081711769104
2026-10-04T09:44:55+00:00,60,0.4,learning_rate,3e-05
2026-10-04T09:44:55+00:00,60,0.4,epoch,0.4
2026-10-04T09:44:56+00:00,80,0.5333333333333333,loss,1.1243
2026-10-04T09:44:56+00:00,80,0.5333333333333333,grad_norm,6.924083709716797
2026-10-04T09:44:56+00:00,80,0.5333333333333333,learning_rate,2.8944444444444446e-05
2026-10-04T09:44:56+00:00,80,0.5333333333333333,epoch,0.5333333333333333
2026-10-04T09:44:58+00:00,100,0.6666666666666666,loss,1.019
2026-10-04T09:44:58+00:00,100,0.6666666666666666,grad_norm,13.238037109375
2026-10-04T09:44:58+00:00,100,0.6666666666666666,learning_rate,2.7833333333333337e-05
2026-10-04T09:44:58+00:00,100,0.6666666666666666,epoch,0.6666666666666666
2026-10-04T09:44:59+00:00,120,0.8,loss,0.8851
2026-10-04T09:44:59+00:00,120,0.8,grad_norm,12.878449440002441
2026-10-04T09:44:59+00:00,120,0.8,learning_rate,2.672222222222222e-05
2026-10-04T09:44:59+00:00,120,0.8,epoch,0.8
2026-10-04T09:45:00+00:00,140,0.9333333333333333,loss,0.8799
2026-10-04T09:45:00+00:00,140,0.9333333333333333,grad_norm,7.453887462615967
2026-10-04T09:45:00+00:00,140,0.9333333333333333,learning_rate,2.5611111111111112e-05
2026-10-04T09:45:00+00:00,140,0.9333333333333333,epoch,0.9333333333333333
2026-10-04T09:45:01+00:00,150,1.0,eval_loss,0.8277441263198853
2026-10-04T09:45:01+00:00,150,1.0,eval_macro_f1,0.668717070938933
2026-10-04T09:45:01+00:00,150,1.0,eval_accuracy,0.7400194741966893
2026-10-04T09:45:01+00:00,150,1.0,eval_runtime,0.24
2026-10-04T09:45:01+00:00,150,1.0,eval_samples_per_second,4278.491
2026-10-04T09:45:01+00:00,150,1.0,eval_steps_per_second,70.822
2026-10-04T09:45:01+00:00,150,1.0,epoch,1.0
2026-10-04T09:45:03+00:00,160,1.0666666666666667,loss,0.8146
2026-10-04T09:45:03+00:00,160,1.0666666666666667,grad_norm,7.909116744995117
2026-10-04T09:45:03+00:00,160,1.0666666666666667,learning_rate,2.45e-05
2026-10-04T09:45:03+00:00,160,1.0666666666666667,epoch,1.0666666666666667
2026-10-04T09:45:04+00:00,180,1.2,loss,0.7879
2026-10-04T09:45:04+00:00,180,1.2,grad_norm,9.999616622924805
2026-10-04T09:45:04+00:00,180,1.2,learning_rate,2.338888888888889e-05
2026-10-04T09:45:04+00:00,180,1.2,epoch,1.2
2026-10-04T09:45:05+00:00,200,1.3333333333333333,loss,0.8354
2026-10-04T09:45:05+00:00,200,1.3333333333333333,grad_norm,9.877399444580078
2026-10-04T09:45:05+00:00,200,1.3333333333333333,learning_rate,2.2277777777777778e-05
2026-10-04T09:45:05+00:00,200,1.3333333333333333,epoch,1.3333333333333333
2026-10-04T09:45:06+00:00,220,1.4666666666666668,loss,0.7633
2026-10-04T09:45:06+00:00,220,1.4666666666666668,grad_norm,8.416878700256348
2026-10-04T09:45:06+00:00,220,1.4666666666666668,learning_rate,2.116666666666667e-05
2026-10-04T09:45:06+00:00,220,1.4666666666666668,epoch,1.4666666666666668
2026-10-04T09:45:08+00:00,240,1.6,loss,0.7393
2026-10-04T09:45:08+00:00,240,1.6,grad_norm,10.234013557434082
2026-10-04T09:45:08+00:00,240,1.6,learning_rate,2.0055555555555556e-05
2026-10-04T09:45:08+00:00,240,1.6,epoch,1.6
2026-10-04T09:45:09+00:00,260,1.7333333333333334,loss,0.6418
2026-10-04T09:45:09+00:00,260,1.7333333333333334,grad_norm,6.613302230834961
2026-10-04T09:45:09+00:00,260,1.7333333333333334,learning_rate,1.8944444444444447e-05
2026-10-04T09:45:09+00:00,260,1.7333333333333334,epoch,1.7333333333333334
2026-10-04T09:45:10+00:00,280,1.8666666666666667,loss,0.7165
2026-10-04T09:45:10+00:00,280,1.8666666666666667,grad_norm,10.734289169311523
2026-10-04T09:45:10+00:00,280,1.8666666666666667,learning_rate,1.7833333333333334e-05
2026-10-04T09:45:10+00:00,280,1.8666666666666667,epoch,1.8666666666666667
2026-10-04T09:45:11+00:00,300,2.0,loss,0.7603
2026-10-04T09:45:11+00:00,300,2.0,grad_norm,13.467586517333984
2026-10-04T09:45:11+00:00,300,2.0,learning_rate,1.6722222222222225e-05
2026-10-04T09:45:11+00:00,300,2.0,epoch,2.0
2026-10-04T09:45:12+00:00,300,2.0,eval_loss,0.7643416523933411
2026-10-04T09:45:12+00:00,300,2.0,eval_macro_f1,0.7103858796285869
2026-10-04T09:45:12+00:00,300,2.0,eval_accuracy,0.7526777020447907
2026-10-04T09:45:12+00:00,300,2.0,eval_runtime,0.2185
2026-10-04T09:45:12+00:00,300,2.0,eval_samples_per_second,4700.159
2026-10-04T09:45:12+00:00,300,2.0,eval_steps_per_second,77.802
2026-10-04T09:45:12+00:00,300,2.0,epoch,2.0
2026-10-04T09:45:14+00:00,320,2.1333333333333333,loss,0.591
2026-10-04T09:45:14+00:00,320,2.1333333333333333,grad_norm,5.170237064361572
2026-10-04T09:45:14+00:00,320,2.1333333333333333,learning_rate,1.5611111111111113e-05
2026-10-04T09:45:14+00:00,320,2.1333333333333333,epoch,2.1333333333333333
2026-10-04T09:45:15+00:00,340,2.2666666666666666,loss,0.6036
2026-10-04T09:45:15+00:00,340,2.2666666666666666,grad_norm,7.984168529510498
2026-10-04T09:45:15+00:00,340,2.2666666666666666,learning_rate,1.45e-05
2026-10-04T09:45:15+00:00,340,2.2666666666666666,epoch,2.2666666666666666
2026-10-04T09:45:16+00:00,360,2.4,loss,0.6082
2026-10-04T09:45:16+00:00,360,2.4,grad_norm,8.874837875366211
2026-10-04T09:45:16+00:00,360,2.4,learning_rate,1.338888888888889e-05
2026-10-04T09:45:16+00:00,360,2.4,epoch,2.4
2026-10-04T09:45:17+00:00,380,2.533333333333333,loss,0.632
2026-10-04T09:45:17+00:00,380,2.533333333333333,grad_norm,9.128042221069336
2026-10-04T09:45:17+00:00,380,2.533333333333333,learning_rate,1.2277777777777778e-05
2026-10-04T09:45:17+00:00,380,2.533333333333333,epoch,2.533333333333333
2026-10-04T09:45:19+00:00,400,2.6666666666666665,loss,0.5919
2026-10-04T09:45:19+00:00,400,2.6666666666666665,grad_norm,7.801719665527344
2026-10-04T09:45:19+00:00,400,2.6666666666666665,learning_rate,1.1222222222222222e-05
2026-10-04T09:45:19+00:00,400,2.6666666666666665,epoch,2.6666666666666665
2026-10-04T09:45:20+00:00,420,2.8,loss,0.5583
2026-10-04T09:45:20+00:00,420,2.8,grad_norm,7.223928928375244
2026-10-04T09:45:20+00:00,420,2.8,learning_rate,1.0111111111111111e-05
2026-10-04T09:45:20+00:00,420,2.8,epoch,2.8
2026-10-04T09:45:21+00:00,440,2.9333333333333336,loss,0.589
2026-10-04T09:45:21+00:00,440,2.9333333333333336,grad_norm,11.62611198425293
2026-10-04T09:45:21+00:00,440,2.9333333333333336,learning_rate,9e-06
2026-10-04T09:45:21+00:00,440,2.9333333333333336,epoch,2.9333333333333336
2026-10-04T09:45:22+00:00,450,3.0,eval_loss,0.7548930048942566
2026-10-04T09:45:22+00:00,450,3.0,eval_macro_f1,0.7139432833294251
2026-10-04T09:45:22+00:00,450,3.0,eval_accuracy,0.7517039922103214
2026-10-04T09:45:22+00:00,450,3.0,eval_runtime,0.2568
2026-10-04T09:45:22+00:00,450,3.0,eval_samples_per_second,3999.1
2026-10-04T09:45:22+00:00,450,3.0,eval_steps_per_second,66.197
2026-10-04T09:45:22+00:00,450,3.0,epoch,3.0
2026-10-04T09:45:24+00:00,460,3.066666666666667,loss,0.5307
2026-10-04T09:45:24+00:00,460,3.066666666666667,grad_norm,8.279887199401855
2026-10-04T09:45:24+00:00,460,3.066666666666667,learning_rate,7.88888888888889e-06
2026-10-04T09:45:24+00:00,460,3.066666666666667,epoch,3.066666666666667
2026-10-04T09:45:25+00:00,480,3.2,loss,0.501
2026-10-04T09:45:25+00:00,480,3.2,grad_norm,8.668523788452148
2026-10-04T09:45:25+00:00,480,3.2,learning_rate,6.777777777777778e-06
2026-10-04T09:45:25+00:00,480,3.2,epoch,3.2
2026-10-04T09:45:26+00:00,500,3.3333333333333335,loss,0.5147
2026-10-04T09:45:26+00:00,500,3.3333333333333335,grad_norm,10.751895904541016
2026-10-04T09:45:26+00:00,500,3.3333333333333335,learning_rate,5.666666666666667e-06
2026-10-04T09:45:26+00:00,500,3.3333333333333335,epoch,3.3333333333333335
2026-10-04T09:45:27+00:00,520,3.466666666666667,loss,0.5549
2026-10-04T09:45:27+00:00,520,3.466666666666667,grad_norm,8.458175659179688
2026-10-04T09:45:27+00:00,520,3.466666666666667,learning_rate,4.555555555555555e-06
2026-10-04T09:45:27+00:00,520,3.466666666666667,epoch,3.466666666666667
2026-10-04T09:45:29+00:00,540,3.6,loss,0.4767
2026-10-04T09:45:29+00:00,540,3.6,grad_norm,9.246955871582031
2026-10-04T09:45:29+00:00,540,3.6,learning_rate,3.4444444444444444e-06
2026-10-04T09:45:29+00:00,540,3.6,epoch,3.6
2026-10-04T09:45:30+00:00,560,3.7333333333333334,loss,0.4877
2026-10-04T09:45:30+00:00,560,3.7333333333333334,grad_norm,8.868982315063477
2026-10-04T09:45:30+00:00,560,3.7333333333333334,learning_rate,2.3333333333333336e-06
2026-10-04T09:45:30+00:00,560,3.7333333333333334,epoch,3.7333333333333334
2026-10-04T09:45:31+00:00,580,3.8666666666666667,loss,0.4649
2026-10-04T09:45:31+00:00,580,3.8666666666666667,grad_norm,4.997474193572998
2026-10-04T09:45:31+00:00,580,3.8666666666666667,learning_rate,1.2222222222222223e-06
2026-10-04T09:45:31+00:00,580,3.8666666666666667,epoch,3.8666666666666667
2026-10-04T09:45:32+00:00,600,4.0,loss,0.4464
2026-10-04T09:45:32+00:00,600,4.0,grad_norm,10.005135536193848
2026-10-04T09:45:32+00:00,600,4.0,learning_rate,1.1111111111111112e-07
2026-10-04T09:45:32+00:00,600,4.0,epoch,4.0
2026-10-04T09:45:34+00:00,600,4.0,eval_loss,0.7615466117858887
2026-10-04T09:45:34+00:00,600,4.0,eval_macro_f1,0.7288031204257235
2026-10-04T09:45:34+00:00,600,4.0,eval_accuracy,0.7643622200584226
2026-10-04T09:45:34+00:00,600,4.0,eval_runtime,0.2153
2026-10-04T09:45:34+00:00,600,4.0,eval_samples_per_second,4770.604
2026-10-04T09:45:34+00:00,600,4.0,eval_steps_per_second,78.968
2026-10-04T09:45:34+00:00,600,4.0,epoch,4.0
2026-10-04T09:45:35+00:00,600,4.0,train_runtime,43.1677
2026-10-04T09:45:35+00:00,600,4.0,train_samples_per_second,443.758
2026-10-04T09:45:35+00:00,600,4.0,train_steps_per_second,13.899
2026-10-04T09:45:35+00:00,600,4.0,total_flos,164546082588888.0
2026-10-04T09:45:35+00:00,600,4.0,train_loss,0.8078158060709636
2026-10-04T09:45:35+00:00,600,4.0,epoch,4.0
